cluster,n_observations,n_bankruptcies,bankruptcy_rate,Tall 1340_mean,Tall 7709_mean,Tall 72_mean,Tall 146_mean,Tall 217_mean,Tall 194_mean,Tall 85_mean,Tall 86_mean,Tall 17130_mean,likviditetsgrad_1_mean,total_gjeldsgrad_mean,langsiktig_gjeldsgrad_mean,kortsiktig_gjeldsgrad_mean,egenkapitalandel_mean,driftsmargin_mean,driftsrentabilitet_mean,omsetningsgrad_mean,rentedekningsgrad_mean,altman_z_score_mean
0,11187,656,0.05863949226781085,12050192.51416823,843910.8474121748,12893177.685527844,189044.27058192546,6203554.072673639,3337139.696612139,3410257.3452221327,3491113.449271476,186727.7269151694,1.2878749248532497,1.9848052472165694,0.6567304764524573,1.3280747707641123,-0.9848052472165694,-0.6716047493292446,-0.5348804615764833,5.514173514932719,332.1869516705148,3.907209095493122
1,3,0,0.0,330195573.6666667,15304717.333333334,345500291.0,-4000956.0,5705342482.666667,2935978161.3333335,923070698.3333334,5672426975.666667,489178562.6666667,3.709694817144429,0.7633125181289232,0.6578542756812447,0.10545824244767855,0.2366874818710768,-0.009224217565775633,-0.00044747749413168414,0.0381913716842533,-0.006851444920783079,0.33451837640583554
2,2,2,1.0,100830.0,186642.0,287472.0,-360694.0,7500.0,-7653.0,1754066.0,0.0,21796.0,-0.004363005724984123,-11464.48366013072,0.0,-11464.48366013072,11465.48366013072,-3.5772488346722207,2357.4771241830067,-659.0196078431372,-16.548632776656266,14922.458662711524
3,1,0,0.0,86212.0,10150.0,96362.0,-52020.0,0.0,3.0,30942.0,0.0,359.0,9.695559433779329e-05,10314.0,0.0,10314.0,-10313.0,-0.6033962789402867,-17340.0,28737.333333333332,-144.9025069637883,-32590.362292611993
