cluster,n_observations,n_bankruptcies,bankruptcy_rate,Tall 1340_mean,Tall 7709_mean,Tall 72_mean,Tall 146_mean,Tall 217_mean,Tall 194_mean,Tall 85_mean,Tall 86_mean,Tall 17130_mean,likviditetsgrad_1_mean,total_gjeldsgrad_mean,langsiktig_gjeldsgrad_mean,kortsiktig_gjeldsgrad_mean,egenkapitalandel_mean,driftsmargin_mean,driftsrentabilitet_mean,omsetningsgrad_mean,rentedekningsgrad_mean,altman_z_score_mean
0,12538,264,0.021055989791035252,113167185.96634232,2979726.800606157,116075255.46235444,6164773.815042271,63804577.542271495,58018845.12274685,50171379.62601691,22978840.232732493,2894469.4292550646,-281.5467786587287,0.9862320523913534,0.314905982299698,0.6713260700916555,0.013767947608646594,120.53387177365398,-0.1639497379802993,2.195135024249321,452.90119550707186,2.641373584133231
1,1,0,0.0,212750.0,179487.0,392237.0,134049.0,0.0,1.0,52386.0,0.0,37465.0,1.9089069598747758e-05,52386.0,0.0,52386.0,-52385.0,0.6300775558166862,134049.0,212750.0,3.5779794474843185,591254.2780080175
