cluster,n_observations,n_bankruptcies,bankruptcy_rate,Tall 1340_mean,Tall 7709_mean,Tall 72_mean,Tall 146_mean,Tall 217_mean,Tall 194_mean,Tall 85_mean,Tall 86_mean,Tall 17130_mean,likviditetsgrad_1_mean,total_gjeldsgrad_mean,langsiktig_gjeldsgrad_mean,kortsiktig_gjeldsgrad_mean,egenkapitalandel_mean,driftsmargin_mean,driftsrentabilitet_mean,omsetningsgrad_mean,rentedekningsgrad_mean,altman_z_score_mean
0,32851,1072,0.0326321877568415,29118324.778636876,699916.4080545494,29821150.267084714,1297066.1446226903,10616850.684606252,15403525.356975434,11341995.15813826,5826826.75321908,407014.78551642265,8.436192471963645,1.3188057936083732,0.41927683258719184,0.8995289610211813,-0.3188057936083731,93.66558460789597,0.23978557136309278,3.104582002632728,2656.906927371509,5.293986115599756
1,2,2,1.0,200000.0,20250.0,220250.0,-12900.0,0.0,1.0,64053.0,12687.0,4241.0,1.56120712534932e-05,76740.0,12687.0,64053.0,-76739.0,-0.0645,-12900.0,200000.0,-3.041735439754775,113593.99600547302
