feature,importance
Tall 1340,0.2551325
Tall 85,0.2289832
Tall 72,0.16923815
Tall 217,0.14076428
Tall 146,0.11857125
total_gjeldsgrad,0.016455704
egenkapitalandel,0.0118311765
kortsiktig_gjeldsgrad,0.011280687
Tall 86,0.0090588685
langsiktig_gjeldsgrad,0.008147111
Tall 17130,0.006752104
altman_z_score,0.006689753
omsetningsgrad,0.0059742015
driftsrentabilitet,0.0042846315
driftsmargin,0.0040967558
likviditetsgrad_1,0.002739635
Tall 7709,0.0
Tall 194,0.0
rentedekningsgrad,0.0
