regime,n_companies,bankruptcy_rate,avg_size,avg_debt,avg_liquidity,avg_margin,avg_equity
Regime 0,43,0.0,9579555752.348837,0.645568362938311,1.3219810901270783,-0.3860646426686051,0.3544316370616889
Regime 1,11040,0.02210144927536232,31046769.55905797,0.7115021652170324,2.4052466205723433,-0.043084883913921436,0.2884979108975151
Regime 2,103,0.019417475728155338,1744553.2815533981,9.093133884215153,0.5095001330818674,-1.376613062540461,-8.093133884215147
