regime,n_companies,bankruptcy_rate,avg_size,avg_debt,avg_liquidity,avg_margin,avg_equity
Regime 0,25283,0.020488074991100738,27502440.034964204,0.715473975094819,2.9925892486276626,-0.09848703641059171,0.28452621845141607
Regime 1,445,0.04044943820224719,525020.4898876405,8.653486208402963,0.6168163281493731,-1.475727595558559,-7.653486208402961
Regime 2,55,0.0,8737263305.381819,0.6746424091847857,1.2460423714442233,-0.34346268451334927,0.32535759081521426
