regime,n_companies,bankruptcy_rate,avg_size,avg_debt,avg_liquidity,avg_margin,avg_equity
Regime 0,12493,0.02113183382694309,28918424.11030177,0.9875034847913641,-282.56564544803604,120.97005844721271,0.012496515208635994
Regime 1,1,0.0,0.0,52386.0,1.9089069598747758e-05,0.6300775558166862,-52385.0
Regime 2,45,0.0,9748976018.11111,0.6332541640950764,1.3132835371872023,-0.5612418434357548,0.3667458359049237
