tier,avg_debt_ratio,avg_liquidity,avg_margin,avg_equity_ratio,avg_altman_z
Very Low (0-2%),0.4990072802627499,3.4601177186208467,-0.14332625465338072,0.50099271973725,3.445593120286411
Low (2-5%),1.3011010532388974,6.648951043051484,-8.186880254872131,-0.30110105323889735,2.4721038748239867
Medium (5-10%),0.9542187142351933,7.117410767395394,762.8852698205411,0.04578128576480656,2.6076683759042067
High (10-20%),33.3600196145982,-2190.313619417428,-0.9297190212215063,-32.3600196145982,364.67700798177475
Very High (20%+),1.0708476111658871,1.4517033453018806,-0.4572120301023521,-0.07084761116588721,2.2970976026819643
