tier,n_companies,n_bankrupt,actual_bankruptcy_rate,avg_predicted_prob
Very Low (0-2%),2615,2,0.0007648183556405354,0.010031398923019215
Low (2-5%),2268,0,0.0,0.03350848019023794
Medium (5-10%),2010,0,0.0,0.07225151075096412
High (10-20%),1632,0,0.0,0.14286450274774137
Very High (20%+),3742,262,0.07001603420630678,0.4670371933034704
