tier,avg_debt_ratio,avg_liquidity,avg_margin,avg_equity_ratio,avg_altman_z
Very Low (0-2%),0.5130408473788499,3.01803855002301,0.06369726971971185,0.4869594798253255,3.0075012534918844
Low (2-5%),0.7599025277876426,4.891055893476294,-0.11526930304225044,0.240098148419919,3.321360088059301
Medium (5-10%),0.6973103124430968,3.908920036778828,-0.14946423676023685,0.30268968755690323,3.1559478367699114
High (10-20%),0.8270575227980294,3.5368739165237084,-0.10279053372032608,0.17294267352210754,2.94177278430204
Very High (20%+),1.1565758321178343,1.5861066544679299,-0.2341711049302566,-0.15657583211783432,2.280084595977561
