tier,avg_debt_ratio,avg_liquidity,avg_margin,avg_equity_ratio,avg_altman_z
Very Low (0-2%),0.5268643730566206,2.3524585970604344,0.07625765687622806,0.47313562694337935,2.6671572784197095
Low (2-5%),0.5739006143967674,2.646177736005014,-0.02382242385422,0.42609938560323257,2.7985675288878067
Medium (5-10%),0.7634024281963334,3.148438142412376,-0.11627423299621875,0.2365980646509412,2.6582229877872634
High (10-20%),0.9004309038668163,3.080495863674499,-0.11770772797397891,0.09956909613318371,2.808714527572385
Very High (20%+),1.0743960468402516,1.5385594088161403,-0.11656463387388685,-0.07439604684025168,2.3012642362519853
