tier,n_companies,n_bankrupt,actual_bankruptcy_rate,avg_predicted_prob
Very Low (0-2%),2154,0,0.0,0.010088975570264754
Low (2-5%),2084,2,0.0009596928982725527,0.03337548636068049
Medium (5-10%),1705,0,0.0,0.07215759410065316
High (10-20%),1565,2,0.0012779552715654952,0.14207183778623958
Very High (20%+),3371,242,0.07178878671017502,0.45514208923562993
