tier,n_companies,n_bankrupt,actual_bankruptcy_rate,avg_predicted_prob
Very Low (0-2%),5225,2,0.0003827751196172249,0.008552476123372208
Low (2-5%),3727,0,0.0,0.03346545685369011
Medium (5-10%),3530,2,0.0005665722379603399,0.07243535207290559
High (10-20%),3380,4,0.001183431952662722,0.14384598338498433
Very High (20%+),9567,528,0.055189714644089054,0.46389110813634504
