regime,count,bankruptcies,bankruptcy_rate,avg_debt_ratio,avg_liquidity,avg_margin
0,1935,324,0.16744186046511628,5.0350596719057386,0.3396896753345588,-0.4100336982154012
1,18837,1016,0.05393640176248872,0.8788667982234859,1.8743274672468313,-0.03833147270160167
2,3,0,0.0,0.7633125181289232,3.709694817144429,-0.009224217565775633
