tier,count,bankruptcies,bankruptcy_rate,avg_prediction
Very Low (0-2%),2507,2,0.0007977662544874351,0.01141393662596809
Low (2-5%),3683,4,0.0010860711376595167,0.03366981741709648
Medium (5-10%),3549,10,0.002817695125387433,0.07242508029800253
High (10-20%),4085,36,0.008812729498164015,0.14576691759393068
Very High (20%+),6804,1288,0.18930041152263374,0.40417311845658843
