{
  "Logistic Regression": {
    "accuracy": 0.8888888888888888,
    "precision": 0.5,
    "recall": 1.0,
    "f1": 0.6666666666666666,
    "roc_auc": 1.0,
    "sensitivity": 1.0,
    "specificity": 0.875,
    "tp": 1,
    "fp": 1,
    "tn": 7,
    "fn": 0
  },
  "Random Forest": {
    "accuracy": 0.7777777777777778,
    "precision": 0.3333333333333333,
    "recall": 1.0,
    "f1": 0.5,
    "roc_auc": 0.75,
    "sensitivity": 1.0,
    "specificity": 0.75,
    "tp": 1,
    "fp": 2,
    "tn": 6,
    "fn": 0
  },
  "XGBoost": {
    "accuracy": 0.7777777777777778,
    "precision": 0.3333333333333333,
    "recall": 1.0,
    "f1": 0.5,
    "roc_auc": 0.875,
    "sensitivity": 1.0,
    "specificity": 0.75,
    "tp": 1,
    "fp": 2,
    "tn": 6,
    "fn": 0
  },
  "Gradient Boosting": {
    "accuracy": 0.7777777777777778,
    "precision": 0.3333333333333333,
    "recall": 1.0,
    "f1": 0.5,
    "roc_auc": 0.875,
    "sensitivity": 1.0,
    "specificity": 0.75,
    "tp": 1,
    "fp": 2,
    "tn": 6,
    "fn": 0
  }
}