regime,count,bankruptcies,bankruptcy_rate,avg_debt_ratio,avg_liquidity,avg_margin
0,71436,2384,0.03337252925695728,0.7269217124288387,3.24674842001831,-0.006159141502912965
1,2659,390,0.14667168108311396,4.878560918603709,0.3308501691174499,-0.5724800651273094
2,49,0,0.0,0.7044142384214838,1.2232484800850265,-0.09358197522289713
