tier,count,bankruptcies,bankruptcy_rate,avg_prediction
Very Low (0-2%),16479,6,0.0003640997633351538,0.009529204553820675
Low (2-5%),12720,8,0.0006289308176100629,0.03343180584512683
Medium (5-10%),11460,28,0.002443280977312391,0.07252645803059452
High (10-20%),12059,72,0.0059706443320341656,0.14418877590604529
Very High (20%+),15482,2660,0.17181242733496965,0.39482747860367684
