{
  "analysis_date": "2025-12-02T12:45:03.464802",
  "total_companies": 114848,
  "filing_behavior": {
    "filed_all_years": {
      "count": 69271,
      "percentage": 60.31537336305377,
      "bankruptcy_rate": 6.568405248949777
    },
    "filed_partial": {
      "count": 45577,
      "percentage": 39.68462663694623,
      "bankruptcy_rate": 3.6026943414441495
    },
    "filed_never": {
      "count": 0,
      "percentage": 0.0
    }
  },
  "company_size": {
    "small_1_20": {
      "count": 28988,
      "percentage": 25.24,
      "bankruptcy_rate": 4.0
    },
    "medium_21_100": {
      "count": 8688,
      "percentage": 7.56,
      "bankruptcy_rate": 2.0
    },
    "large_100_plus": {
      "count": 1286,
      "percentage": 1.12,
      "bankruptcy_rate": 1.0
    }
  },
  "key_insights": {
    "filing_risk_multiplier": 0.5484884389586323,
    "companies_with_employee_data": 85414,
    "employee_data_coverage": 74.37134299247703
  }
}