cluster,n_observations,n_bankruptcies,bankruptcy_rate,Tall 1340_mean,Tall 7709_mean,Tall 72_mean,Tall 146_mean,Tall 217_mean,Tall 194_mean,Tall 85_mean,Tall 86_mean,Tall 17130_mean,likviditetsgrad_1_mean,total_gjeldsgrad_mean,langsiktig_gjeldsgrad_mean,kortsiktig_gjeldsgrad_mean,egenkapitalandel_mean,driftsmargin_mean,driftsrentabilitet_mean,omsetningsgrad_mean,rentedekningsgrad_mean,altman_z_score_mean
0,36564,1177,0.03219013237063779,79507683.37298983,1908653.6653812493,81414862.16806148,2445506.0537413848,11447475.722623345,21628596.57129964,15784569.44606717,4352535.515151516,498725.35288808664,11.853595809416673,1.2569634293890162,0.3556462105678281,0.901317218821188,-0.25696342938901606,-0.3131248895507356,-0.4072036697312268,4.12732286159334,723.0116054904671,8.887123784129836
1,1,0,0.0,439278.0,161892.0,601169.0,83965.0,0.0,6.0,197726.0,0.0,3404.0,3.03450229104923e-05,32954.333333333336,0.0,32954.333333333336,-32953.333333333336,0.19114319405934282,13994.166666666666,73213.0,24.6665687426557,92918.48984607824
