regime,count,bankruptcies,bankruptcy_rate,avg_debt_ratio,avg_liquidity,avg_margin
0,73717,2457,0.033330168075206536,0.73388631517043,3.036991483479907,-0.044362508396651346
1,3629,449,0.1237255442270598,5.450692146344258,0.8058481385360541,-0.8881656674657189
2,30,0,0.0,0.5746539776373889,3.7483829163071145,0.05471317018931953
