tier,count,bankruptcies,bankruptcy_rate,avg_prediction
Very Low (0-2%),14096,0,0.0,0.009169878735194635
Low (2-5%),10877,9,0.0008274340351199779,0.033819813686238744
Medium (5-10%),12712,28,0.0022026431718061676,0.07347375048913996
High (10-20%),15610,91,0.005829596412556054,0.14449359051128557
Very High (20%+),15884,2776,0.17476706119365398,0.3918421708149085
