{
  "model": "xgb",
  "roc_auc": 0.99998373972459,
  "pr_auc": 0.9995966945223981,
  "brier": 0.0002074736385101935,
  "precision": 1.0,
  "recall": 0.9943422913719944,
  "f1": 0.9971631205673759,
  "confusion_matrix": {
    "tn": 19572,
    "fp": 0,
    "fn": 4,
    "tp": 703
  }
}