{
  "model": "logistic",
  "roc_auc": 0.9988927836464123,
  "pr_auc": 0.9935955689805392,
  "brier": 0.002437658609970784,
  "precision": 0.9285714285714286,
  "recall": 0.9929278642149929,
  "f1": 0.9596719070403281,
  "confusion_matrix": {
    "tn": 19518,
    "fp": 54,
    "fn": 5,
    "tp": 702
  }
}