{
  "model": "rf",
  "roc_auc": 0.9999431251700103,
  "pr_auc": 0.9990596331527866,
  "brier": 0.001247567970610239,
  "precision": 0.9985795454545454,
  "recall": 0.9943422913719944,
  "f1": 0.9964564138908576,
  "confusion_matrix": {
    "tn": 19571,
    "fp": 1,
    "fn": 4,
    "tp": 703
  }
}