{
  "dataset": {
    "sector": "C",
    "n_samples": 20279,
    "n_features": 67,
    "positive_rate": 0.03486365205384881,
    "n_positive": 707,
    "n_negative": 19572
  },
  "models": [
    {
      "model": "logistic",
      "roc_auc": 0.9988927836464123,
      "pr_auc": 0.9935955689805392,
      "brier": 0.002437658609970784,
      "precision": 0.9285714285714286,
      "recall": 0.9929278642149929,
      "f1": 0.9596719070403281,
      "confusion_matrix": {
        "tn": 19518,
        "fp": 54,
        "fn": 5,
        "tp": 702
      }
    },
    {
      "model": "rf",
      "roc_auc": 0.9999431251700103,
      "pr_auc": 0.9990596331527866,
      "brier": 0.001247567970610239,
      "precision": 0.9985795454545454,
      "recall": 0.9943422913719944,
      "f1": 0.9964564138908576,
      "confusion_matrix": {
        "tn": 19571,
        "fp": 1,
        "fn": 4,
        "tp": 703
      }
    },
    {
      "model": "xgb",
      "roc_auc": 0.99998373972459,
      "pr_auc": 0.9995966945223981,
      "brier": 0.0002074736385101935,
      "precision": 1.0,
      "recall": 0.9943422913719944,
      "f1": 0.9971631205673759,
      "confusion_matrix": {
        "tn": 19572,
        "fp": 0,
        "fn": 4,
        "tp": 703
      }
    }
  ]
}